               epoch,       train/box_loss,       train/obj_loss,       train/cls_loss,    metrics/precision,       metrics/recall,      metrics/mAP_0.5, metrics/mAP_0.5:0.95,         val/box_loss,         val/obj_loss,         val/cls_loss,                x/lr0,                x/lr1,                x/lr2, 
                   0            0.046113             0.07301            0.017378             0.73132              0.6281             0.71071             0.46789            0.040827             0.03685           0.0097814               7e-05               7e-05             0.09937
                   1            0.045077            0.066169             0.01684             0.70599             0.65633             0.72489             0.47453            0.040695            0.036656           0.0095466             0.00015             0.00015             0.09865
                   2            0.046015            0.063431            0.016974              0.7428             0.63121             0.72455             0.48308            0.040447            0.036395           0.0092414          0.00022998          0.00022998             0.09793
                   3            0.043548            0.063576            0.017597             0.78517             0.61861             0.73204             0.48227            0.040281             0.03624           0.0089692          0.00030993          0.00030993             0.09721
                   4            0.044038            0.063319            0.016337             0.72816             0.66145             0.74044             0.49073            0.040035            0.036034           0.0086539          0.00038985          0.00038985             0.09649
                   5            0.045211            0.062715            0.016778             0.70753             0.68644             0.74636             0.49526            0.039803            0.035867           0.0083861          0.00046971          0.00046971             0.09577
                   6             0.04395             0.06441            0.015646             0.77104             0.66066             0.75454             0.50394            0.039636            0.035678           0.0081253          0.00054951          0.00054951             0.09505
                   7            0.042896            0.063758            0.017316             0.80737             0.64754             0.75813             0.50509            0.039385            0.035432           0.0077753          0.00062924          0.00062924            0.094329
                   8            0.044516            0.064047            0.014872             0.73934              0.7011              0.7651             0.51159            0.039074            0.035231           0.0074934          0.00070888          0.00070888            0.093609
                   9            0.043948            0.061296             0.01499             0.76576             0.68345             0.76971              0.5176            0.038891            0.034948           0.0073426          0.00078842          0.00078842            0.092888
                  10            0.042037            0.061061            0.015166             0.76931             0.70892             0.77457             0.52376            0.038768            0.034533           0.0071804          0.00086786          0.00086786            0.092168
                  11             0.04182            0.054872            0.013897             0.75578             0.71648             0.77762             0.52644            0.038537            0.034114           0.0068825          0.00094717          0.00094717            0.091447
                  12            0.042483             0.05975            0.013381             0.79945             0.70096             0.78425             0.52617            0.038604            0.033864           0.0066501           0.0010263           0.0010263            0.090726
                  13            0.039792            0.056755            0.012452             0.78615             0.70919             0.78526             0.53462            0.038247            0.033699            0.006475           0.0011054           0.0011054            0.090005
                  14            0.042181            0.055165            0.013584             0.83791             0.69118             0.79245             0.54482            0.037924            0.033259           0.0063161           0.0011843           0.0011843            0.089284
                  15            0.041124            0.055468            0.012871             0.85947              0.6885             0.80339             0.55496            0.037645            0.032823           0.0060833            0.001263            0.001263            0.088563
                  16            0.043113             0.06514            0.011708             0.82404             0.71114             0.80758             0.55434            0.037395            0.032599           0.0058724           0.0013415           0.0013415            0.087841
                  17            0.041415            0.060217            0.011912              0.8522             0.70199             0.81516             0.55875            0.037181            0.032391           0.0056021           0.0014198           0.0014198             0.08712
                  18             0.04241            0.055849            0.012653             0.76465             0.75655             0.82007             0.56089            0.037148            0.032278           0.0054163            0.001498            0.001498            0.086398
                  19            0.041533            0.054882            0.011742             0.77876             0.76078              0.8258             0.57446            0.036724            0.031815           0.0052658           0.0015759           0.0015759            0.085676
                  20               0.043            0.056967            0.012408              0.8648             0.71555             0.83137             0.58357            0.036797            0.031393           0.0051822           0.0016536           0.0016536            0.084954
                  21            0.042492            0.055983            0.010606             0.78249             0.77583             0.83199             0.58114             0.03676            0.031126           0.0050411            0.001731            0.001731            0.084231
                  22            0.041864            0.057711            0.012313             0.77591             0.78802             0.83685              0.5858            0.036739            0.030946           0.0048963           0.0018082           0.0018082            0.083508
                  23            0.042436            0.054593             0.00997             0.81823             0.77137             0.83883             0.58138            0.036729            0.030653           0.0047722           0.0018852           0.0018852            0.082785
                  24            0.041749            0.050716            0.011723             0.85604             0.76278             0.83912             0.58784            0.036413            0.030596            0.004714           0.0019619           0.0019619            0.082062
                  25            0.042478            0.053267            0.010581             0.86326             0.76027             0.84295              0.5889            0.036183            0.030199           0.0046432           0.0020383           0.0020383            0.081338
                  26            0.039459            0.055209           0.0099435              0.8323             0.77774             0.85657             0.59452            0.036453            0.030342           0.0045163           0.0021144           0.0021144            0.080614
                  27            0.041044            0.050633           0.0099198             0.86433             0.76975             0.84665             0.58003            0.037368            0.030294           0.0044521           0.0021902           0.0021902             0.07989
                  28            0.040417             0.04926           0.0098391             0.86698             0.77708             0.85079             0.59541            0.036026            0.029521           0.0042884           0.0022656           0.0022656            0.079166
                  29            0.039788            0.055697           0.0091694             0.87412             0.77307             0.84876             0.59603            0.035774            0.029132           0.0041954           0.0023408           0.0023408            0.078441
                  30            0.041057            0.054757           0.0096365             0.85487             0.78335             0.85168              0.5992            0.035501            0.028702           0.0041123           0.0024156           0.0024156            0.077716
                  31            0.040495            0.053024           0.0098128             0.85261             0.77758             0.85212             0.58776            0.037102            0.028566           0.0040429           0.0024901           0.0024901             0.07699
                  32            0.040082            0.047214           0.0091553             0.84786             0.80832              0.8627             0.59511             0.03696            0.028401           0.0039236           0.0025642           0.0025642            0.076264
                  33            0.040254            0.048923           0.0083057             0.86006             0.78843             0.85777             0.57673            0.038084            0.028255            0.003866           0.0026379           0.0026379            0.075538
                  34            0.039737            0.051515           0.0088297             0.86055             0.78615             0.86007             0.59913            0.036512             0.02802           0.0038819           0.0027113           0.0027113            0.074811
                  35            0.039837            0.049937           0.0089707             0.90017             0.77646              0.8599             0.60827            0.035611            0.028008           0.0038843           0.0027842           0.0027842            0.074084
                  36            0.039103            0.052445           0.0094616             0.88173             0.79702             0.86544             0.61913            0.034815            0.027371           0.0038036           0.0028568           0.0028568            0.073357
                  37            0.038082            0.049611           0.0090564             0.88967             0.78679             0.86291              0.6034            0.036109            0.027351           0.0036884           0.0029289           0.0029289            0.072629
                  38            0.041035            0.050986           0.0090172             0.88396             0.79671             0.86478             0.60761            0.035795            0.027252           0.0037097           0.0030006           0.0030006            0.071901
                  39            0.040122            0.052703           0.0083748             0.88023             0.80399             0.86824             0.62241            0.035227            0.026941           0.0036605           0.0030719           0.0030719            0.071172
                  40            0.038372            0.050241           0.0087402             0.88703             0.80695             0.87601             0.63266              0.0345            0.026683           0.0036262           0.0031428           0.0031428            0.070443
                  41            0.039313            0.048181           0.0086976             0.88254             0.80494             0.87628             0.61247            0.036038             0.02657           0.0035539           0.0032132           0.0032132            0.069713
                  42            0.037526            0.047136            0.007749             0.88242             0.81953             0.88051             0.62106            0.035209            0.026413           0.0035199           0.0032831           0.0032831            0.068983
                  43            0.038899            0.046783           0.0082835             0.86364             0.81629             0.87982             0.59008            0.036629            0.026292           0.0035065           0.0033526           0.0033526            0.068253
                  44            0.038783            0.047519           0.0077312             0.87941             0.82277             0.88651             0.63651            0.034499            0.026049           0.0034579           0.0034215           0.0034215            0.067522
                  45             0.04037            0.047692           0.0074175             0.86089             0.81446              0.8797             0.58806            0.037146            0.026356           0.0034115             0.00349             0.00349             0.06679
                  46            0.038105            0.046286           0.0094296             0.86589             0.81832             0.87745             0.62792            0.034747            0.025835           0.0034436            0.003558            0.003558            0.066058
                  47            0.038928            0.045491             0.00875             0.89508             0.79647             0.87851             0.61927            0.034697            0.026252           0.0034323           0.0036254           0.0036254            0.065325
                  48            0.039707            0.043573           0.0078218             0.89548             0.81309             0.88993             0.62715            0.034466             0.02599           0.0034017           0.0036924           0.0036924            0.064592
                  49            0.037892             0.04946           0.0073281             0.88322             0.81727             0.88585             0.62225            0.034531            0.025852           0.0033809           0.0037588           0.0037588            0.063859
                  50            0.039181            0.048315            0.007274             0.88642             0.82301             0.88955             0.62846            0.034393            0.025617           0.0032718           0.0038246           0.0038246            0.063125
                  51            0.038229              0.0429           0.0088626             0.88324              0.8255             0.88582             0.61893            0.034411            0.025522           0.0032618           0.0038899           0.0038899             0.06239
                  52             0.03769            0.046381           0.0067377             0.89083             0.81748             0.89125             0.63712            0.034217             0.02509           0.0032343           0.0039547           0.0039547            0.061655
                  53            0.040757            0.048151           0.0072411             0.89425              0.8391             0.89544             0.63987             0.03384            0.025343            0.003317           0.0040189           0.0040189            0.060919
                  54            0.038764            0.042531           0.0078976             0.88462             0.83995             0.89583             0.62151            0.035489             0.02567           0.0033295           0.0040825           0.0040825            0.060182
                  55            0.037789            0.044916           0.0067823             0.90585             0.83439             0.90551             0.64589            0.033762            0.025573           0.0033108           0.0041455           0.0041455            0.059445
                  56            0.037998            0.044283            0.007782             0.90037             0.82484             0.90306              0.6163            0.035284            0.025606           0.0034004           0.0042079           0.0042079            0.058708
                  57            0.037864            0.047358           0.0066685             0.91123             0.82462             0.89361              0.6277            0.034419            0.025078           0.0034641           0.0042697           0.0042697             0.05797
                  58            0.038119            0.044525           0.0072765              0.8591             0.84082             0.88949              0.6205            0.035473             0.02494           0.0033851           0.0043309           0.0043309            0.057231
                  59            0.037922            0.041887           0.0071803             0.87099              0.8507              0.9106             0.64413            0.034298            0.024816           0.0033258           0.0043915           0.0043915            0.056492
                  60            0.039434            0.052209           0.0074122             0.86536             0.84222             0.89161             0.61619            0.035556            0.024913           0.0033296           0.0044515           0.0044515            0.055751
                  61            0.039344            0.042552           0.0073862             0.88606             0.83829             0.90525             0.61948            0.035629             0.02496           0.0033655           0.0045108           0.0045108            0.055011
                  62            0.039643            0.044134           0.0080865             0.84752             0.81817             0.88697             0.61729            0.036555            0.024899           0.0033898           0.0045694           0.0045694            0.054269
                  63            0.040616            0.041364            0.007243             0.81933             0.86184              0.9006              0.6129            0.036376            0.025177           0.0033255           0.0046275           0.0046275            0.053527
                  64            0.042965            0.042561           0.0071225              0.8613             0.84572               0.903             0.62939            0.034248            0.025104           0.0034305           0.0046848           0.0046848            0.052785
                  65            0.037787            0.042653           0.0073612              0.8476             0.85301             0.90117              0.6218            0.036378             0.02493            0.003373           0.0047415           0.0047415            0.052042
                  66            0.043346            0.046829           0.0067722             0.83205             0.86961             0.90361             0.58013             0.03793            0.025203           0.0034015           0.0047975           0.0047975            0.051298
                  67            0.041434            0.048329             0.00678              0.8378             0.86283             0.90689             0.59457            0.035572            0.024816           0.0034939           0.0048528           0.0048528            0.050553
                  68            0.037099            0.041632           0.0068091             0.90163             0.83845             0.91033             0.63973            0.033859             0.02437           0.0034997           0.0049075           0.0049075            0.049807
                  69            0.039347            0.049252           0.0066778             0.87838             0.84607             0.90875              0.6359            0.034105            0.024027           0.0034159           0.0049614           0.0049614            0.049061
                  70            0.039287            0.045796           0.0074067             0.87458             0.86011             0.91276             0.64223            0.035017             0.02443           0.0034649           0.0050146           0.0050146            0.048315
                  71            0.037986            0.045941           0.0064015             0.89295             0.84933             0.91586             0.65868            0.033127            0.023986             0.00348           0.0050672           0.0050672            0.047567
                  72            0.039648            0.046605           0.0065699             0.89695             0.84474             0.91307             0.64473            0.034138            0.023878           0.0034796           0.0051189           0.0051189            0.046819
                  73            0.039577            0.043769           0.0075702             0.89053             0.84275              0.9161             0.64352            0.034478            0.024039           0.0034763             0.00517             0.00517             0.04607
                  74            0.037825            0.045962           0.0074056             0.88496             0.80906             0.89689             0.62252            0.035109              0.0238           0.0034061           0.0052204           0.0052204             0.04532
                  75            0.038942            0.049753           0.0068419             0.90128             0.83295             0.91069             0.65971            0.032783            0.023692           0.0034242             0.00527             0.00527             0.04457
                  76            0.038579            0.044975           0.0067315             0.90362             0.82664             0.91168              0.6358            0.034708             0.02364           0.0035241           0.0053188           0.0053188            0.043819
                  77            0.037673            0.042931           0.0067377              0.9195             0.82143             0.90668             0.63792            0.033557            0.023352           0.0034516           0.0053669           0.0053669            0.043067
                  78            0.038502            0.041737            0.006463             0.88356             0.82041             0.90322             0.61298            0.035718            0.023889           0.0034174           0.0054143           0.0054143            0.042314
                  79            0.039927            0.040411           0.0066348             0.91314             0.83684             0.91003             0.62501            0.034787            0.023887           0.0034992           0.0054609           0.0054609            0.041561
                  80            0.036677            0.039539           0.0071585             0.92426             0.82504             0.90939             0.65994            0.033389             0.02348           0.0034549           0.0055067           0.0055067            0.040807
                  81            0.038713            0.043087           0.0067721             0.87572             0.86054             0.90661                0.65            0.033706            0.023761           0.0034252           0.0055517           0.0055517            0.040052
                  82            0.038243            0.044019           0.0068639             0.91108             0.84563             0.91612             0.66108            0.032413            0.023638           0.0034398            0.005596            0.005596            0.039296
                  83            0.036548            0.043541           0.0062616             0.86299             0.85375             0.90485             0.60334             0.03685            0.023464            0.003332           0.0056395           0.0056395            0.038539
                  84            0.041752            0.042621           0.0068963             0.89234             0.85565             0.91055             0.61882            0.034873             0.02364           0.0033219           0.0056821           0.0056821            0.037782
                  85            0.038946            0.043102           0.0061108             0.88013             0.84875             0.90639             0.60553            0.036288              0.0237            0.003376            0.005724            0.005724            0.037024
                  86             0.03792            0.041662           0.0065541              0.8846             0.86924             0.91845             0.64653            0.032232            0.023126           0.0033753           0.0057651           0.0057651            0.036265
                  87             0.03651            0.049202           0.0065939             0.92234             0.84937             0.92045             0.64282            0.032273            0.023099           0.0033808           0.0058054           0.0058054            0.035505
                  88            0.038926            0.046252           0.0069534             0.92755             0.82837             0.91479             0.64199            0.033076            0.023004           0.0033832           0.0058449           0.0058449            0.034745
                  89            0.039094            0.046397           0.0065937             0.90883             0.82588             0.90849             0.60966            0.033876            0.023066           0.0033612           0.0058836           0.0058836            0.033984
                  90            0.041847            0.042548           0.0068511             0.87104             0.87422              0.9181             0.62703            0.034651            0.022982           0.0033408           0.0059214           0.0059214            0.033221
                  91            0.039773            0.045007           0.0073228             0.85931             0.87153             0.91773             0.62954            0.034229            0.022834           0.0033872           0.0059585           0.0059585            0.032458
                  92            0.039767            0.043951            0.006642             0.89116             0.84156             0.91295             0.63947              0.0335            0.022569           0.0034019           0.0059947           0.0059947            0.031695
                  93            0.038836            0.043287           0.0064648             0.88741             0.85655             0.92597             0.63276            0.033253            0.022831           0.0034509           0.0060301           0.0060301             0.03093
                  94            0.038569            0.039013           0.0067487             0.90684             0.83306             0.91423             0.62849            0.033518            0.023024           0.0035626           0.0060646           0.0060646            0.030165
                  95            0.036025             0.03838           0.0070643              0.8926              0.8444             0.92045             0.63325            0.032256             0.02297           0.0036672           0.0060983           0.0060983            0.029398
                  96            0.035734            0.041033           0.0070999             0.85647             0.88812             0.91802             0.65063            0.032464            0.023222           0.0035792           0.0061312           0.0061312            0.028631
                  97            0.038782             0.04189           0.0062457             0.92768             0.82266              0.9044             0.60721            0.034609            0.023416           0.0035574           0.0061632           0.0061632            0.027863
                  98            0.038117            0.040787           0.0063359             0.85233             0.86954             0.91493             0.64425            0.032893            0.023627           0.0035609           0.0061944           0.0061944            0.027094
                  99            0.037813            0.043372           0.0059691             0.88199             0.86208             0.91894             0.65293            0.032638            0.022869           0.0034018           0.0062248           0.0062248            0.026325
                 100            0.038134             0.04413           0.0066877             0.83718             0.89728             0.91486             0.64676            0.032627            0.023132           0.0034242           0.0062542           0.0062542            0.025554
                 101            0.037643            0.037233           0.0062448             0.84687              0.8783             0.91489             0.61978             0.03397             0.02366           0.0033796           0.0062829           0.0062829            0.024783
                 102             0.03967            0.042659           0.0070328             0.83258             0.87682             0.90859             0.63704            0.033699            0.023578           0.0034382           0.0063107           0.0063107            0.024011
                 103            0.041385            0.041154           0.0064257             0.90785             0.82842             0.91672             0.62306            0.033994            0.023963           0.0036566           0.0063376           0.0063376            0.023238
                 104            0.039018            0.043444           0.0068519             0.91315             0.84412             0.92223             0.65362            0.032958              0.0232            0.003588           0.0063637           0.0063637            0.022464
                 105            0.036651            0.044691           0.0074006             0.89935             0.85907             0.92037             0.65043            0.032171            0.022864           0.0036045           0.0063889           0.0063889            0.021689
                 106            0.037786            0.040223           0.0068267             0.90832             0.84704              0.9215             0.62438            0.035762            0.023078           0.0035661           0.0064132           0.0064132            0.020913
                 107            0.037559             0.04737           0.0063639             0.91716             0.85329             0.92293             0.65022            0.033078            0.022871           0.0034965           0.0064367           0.0064367            0.020137
                 108            0.036756             0.04442            0.006935             0.90389             0.86788             0.92583             0.67431            0.032403            0.022808           0.0034488           0.0064593           0.0064593            0.019359
                 109            0.037545            0.041034            0.006894             0.90945             0.86106             0.92745             0.63033            0.033713            0.023162           0.0033971           0.0064811           0.0064811            0.018581
                 110            0.037876            0.045691           0.0063964             0.88373             0.86759             0.93028             0.65059            0.033459             0.02332           0.0033459            0.006502            0.006502            0.017802
                 111            0.036853            0.039558           0.0060555             0.87578             0.82615             0.91097             0.61726            0.036768             0.02369           0.0033642            0.006522            0.006522            0.017022
                 112            0.039306               0.041           0.0061968             0.89513             0.87218             0.93368             0.66003            0.033354            0.023486           0.0033849           0.0065412           0.0065412            0.016241
                 113            0.035976            0.041722           0.0056826             0.87131             0.88799             0.92831             0.65882            0.031736            0.022526           0.0033806           0.0065595           0.0065595            0.015459
                 114             0.03817            0.040248           0.0066355             0.88103             0.86154              0.9175             0.62671            0.034134            0.022533            0.003309           0.0065769           0.0065769            0.014677
                 115            0.037583            0.041114           0.0066993             0.86971             0.87298             0.92495              0.6366            0.034153            0.022529           0.0032738           0.0065934           0.0065934            0.013893
                 116            0.039553            0.039869           0.0062161             0.88001             0.86216             0.91735             0.62815            0.035037            0.022751             0.00329           0.0066091           0.0066091            0.013109
                 117             0.03711            0.040423           0.0056886             0.88625             0.87154             0.92163              0.6591            0.031561            0.022472           0.0034374           0.0066239           0.0066239            0.012324
                 118            0.036731            0.037963           0.0070157             0.82682             0.86081             0.91044             0.61576            0.035042            0.024384           0.0037325           0.0066379           0.0066379            0.011538
                 119            0.040219            0.046992            0.006334             0.81668             0.89425             0.91349             0.62577            0.034103            0.023585           0.0035227            0.006651            0.006651            0.010751
                 120            0.039483            0.047985           0.0067686             0.85995             0.88234             0.92493             0.61355            0.036948            0.023298           0.0034224           0.0066632           0.0066632           0.0099632
                 121            0.039256            0.038387           0.0061444              0.8863             0.82886             0.91622             0.63806            0.034893            0.022881           0.0033202           0.0066745           0.0066745           0.0091745
                 122            0.038046            0.040588           0.0063273             0.92535             0.82502             0.91776             0.65567            0.033016            0.022892           0.0033053            0.006685            0.006685            0.008385
                 123            0.037229            0.039908           0.0060968             0.87797             0.85176             0.92104             0.64489            0.033903            0.023031           0.0033578           0.0066947           0.0066947           0.0075947
                 124            0.036584            0.040691            0.006411             0.82757             0.88959             0.92603             0.66379            0.031633            0.022576            0.003431           0.0067034           0.0067034           0.0068034
                 125            0.039275            0.044163           0.0068748             0.89516             0.84937             0.92229             0.66009            0.032087            0.022848           0.0034643           0.0066647           0.0066647           0.0066647
                 126            0.035478            0.041491           0.0062741             0.87657              0.8693             0.92905             0.67346            0.031276            0.022708           0.0035421           0.0066647           0.0066647           0.0066647
                 127            0.035928            0.037943           0.0062581             0.89704             0.86451             0.92928             0.65437            0.031742            0.022947           0.0035024           0.0066191           0.0066191           0.0066191
                 128            0.038645            0.042595           0.0068266             0.87908             0.86801              0.9275             0.64088            0.032392             0.02268           0.0033806           0.0065734           0.0065734           0.0065734
                 129            0.038147             0.04046           0.0065876             0.87938             0.86579             0.92424             0.62541            0.032662            0.022614           0.0033229           0.0065276           0.0065276           0.0065276
                 130            0.037572             0.04454           0.0064093             0.90239               0.872             0.93358             0.65743            0.031562            0.022355           0.0032445           0.0064816           0.0064816           0.0064816
                 131            0.038972            0.042582           0.0066627             0.92355             0.87184             0.93578             0.65377            0.032741            0.022771           0.0032172           0.0064356           0.0064356           0.0064356
                 132             0.03823             0.04003            0.006322             0.88602             0.88153             0.93116             0.66257            0.033857            0.022638           0.0031728           0.0063895           0.0063895           0.0063895
                 133            0.037113            0.043988           0.0067438             0.89438             0.85617             0.92554             0.64705            0.034123            0.022633            0.003163           0.0063432           0.0063432           0.0063432
                 134            0.037081            0.041908           0.0059421              0.8597             0.92151             0.94196             0.67813             0.03201            0.022132           0.0031821           0.0062969           0.0062969           0.0062969
                 135             0.03687            0.040779           0.0061712             0.85139             0.91593             0.94191             0.65471            0.032174            0.022135           0.0032489           0.0062505           0.0062505           0.0062505
                 136            0.036268            0.040059           0.0066069             0.89394             0.89332             0.94117             0.68105            0.030811            0.021689           0.0032882            0.006204            0.006204            0.006204
                 137            0.036257            0.039437           0.0063716             0.91182             0.88542             0.94091             0.66502            0.031155            0.021464           0.0032823           0.0061574           0.0061574           0.0061574
                 138            0.035358            0.039358           0.0059854             0.91552             0.88343             0.94576             0.66401            0.031411             0.02148            0.003248           0.0061107           0.0061107           0.0061107
                 139            0.035169            0.038643           0.0064245             0.85476             0.91503             0.94169             0.67377            0.030475            0.021582           0.0032738            0.006064            0.006064            0.006064
                 140             0.03557            0.040252           0.0072685             0.90155             0.90597             0.95125             0.68822            0.030682            0.021719           0.0032808           0.0060172           0.0060172           0.0060172
                 141            0.037861            0.038961           0.0066556             0.91798              0.9024             0.95104             0.68147             0.03107            0.021675           0.0032624           0.0059704           0.0059704           0.0059704
                 142            0.035086            0.042113           0.0057929             0.91866             0.90433             0.94953             0.68236            0.031221            0.021575           0.0032666           0.0059235           0.0059235           0.0059235
                 143            0.037025            0.036856            0.006923             0.92295              0.8827             0.94285              0.6813            0.030518            0.021627           0.0032401           0.0058766           0.0058766           0.0058766
                 144            0.036456             0.03985           0.0064728             0.94065             0.88051             0.94838             0.67237             0.03025            0.021735           0.0033158           0.0058296           0.0058296           0.0058296
                 145            0.035562            0.039806           0.0059099             0.92694             0.87274             0.94148             0.66994            0.031125            0.021884           0.0033519           0.0057826           0.0057826           0.0057826
                 146            0.037057             0.04011           0.0058578             0.87584              0.9079             0.94498             0.64623            0.034581            0.022669           0.0030448           0.0057355           0.0057355           0.0057355
                 147            0.037462            0.039713           0.0061103             0.89902             0.87995             0.93354             0.66898            0.031951            0.022337           0.0030407           0.0056884           0.0056884           0.0056884
                 148            0.036615            0.041303           0.0065926             0.92775             0.85252             0.93442             0.66914            0.030866            0.022977           0.0031421           0.0056413           0.0056413           0.0056413
                 149            0.035348            0.042703           0.0059083             0.93352              0.8504             0.93997             0.67217             0.03125            0.021943            0.003158           0.0055942           0.0055942           0.0055942
                 150            0.037484            0.039404           0.0058849             0.92133             0.86474             0.94299             0.65731            0.032613            0.021694           0.0031764           0.0055471           0.0055471           0.0055471
                 151            0.035294            0.040648           0.0057272             0.89998             0.89963             0.95124             0.70463            0.029013            0.021071           0.0031027              0.0055              0.0055              0.0055
                 152            0.032041            0.037247           0.0055049             0.90261             0.90196               0.953             0.70383            0.028898             0.02083           0.0030492           0.0054529           0.0054529           0.0054529
                 153            0.034066            0.041496           0.0057561             0.90314             0.89063             0.94929             0.67564             0.03137            0.021114           0.0030068           0.0054058           0.0054058           0.0054058
                 154            0.036116            0.041046           0.0066853              0.9326             0.88874             0.94434             0.69558            0.028745            0.020734           0.0030126           0.0053587           0.0053587           0.0053587
                 155            0.034423            0.040365             0.00577             0.88145             0.90295             0.94349             0.69753            0.029667            0.020755            0.003041           0.0053116           0.0053116           0.0053116
                 156            0.033048            0.039291           0.0049558             0.92189             0.90107             0.95174             0.70021            0.029086            0.020598           0.0030132           0.0052645           0.0052645           0.0052645
                 157            0.034786            0.037628           0.0061192             0.91236             0.90134             0.94876             0.66881            0.031296            0.020912           0.0029316           0.0052174           0.0052174           0.0052174
                 158            0.035552            0.039079           0.0052142             0.91084             0.90647             0.95488             0.69153            0.029645            0.020924           0.0028793           0.0051704           0.0051704           0.0051704
                 159              0.0337            0.039244            0.005748             0.92608             0.89102             0.94622             0.68667            0.029761            0.020998           0.0029068           0.0051234           0.0051234           0.0051234
                 160            0.034473            0.039209           0.0053696             0.88567             0.89007             0.93378             0.68451            0.029967            0.021183           0.0029082           0.0050765           0.0050765           0.0050765
                 161             0.03349            0.040066           0.0055208             0.92513             0.87331             0.93365             0.69407            0.028706            0.021155            0.002922           0.0050296           0.0050296           0.0050296
                 162            0.033314            0.036205           0.0048258             0.91343             0.88674             0.93914              0.6985            0.028472             0.02056           0.0028919           0.0049828           0.0049828           0.0049828
                 163            0.034299            0.038736           0.0056456             0.92121              0.9038             0.94715             0.71131            0.028364            0.020162           0.0028535            0.004936            0.004936            0.004936
                 164            0.034052            0.039172           0.0057016             0.93131             0.89071             0.94903             0.69433            0.030274            0.020834            0.002856           0.0048893           0.0048893           0.0048893
                 165            0.035809            0.038965            0.005412             0.89283              0.9124             0.94858             0.70503            0.029253            0.020582           0.0028963           0.0048426           0.0048426           0.0048426
                 166            0.034339            0.037721           0.0050258             0.93694             0.88803             0.95135             0.69595             0.02897            0.020575           0.0029068            0.004796            0.004796            0.004796
                 167            0.034419            0.041595           0.0059991             0.93653              0.8781             0.94798             0.70343            0.027916             0.02023           0.0028741           0.0047495           0.0047495           0.0047495
                 168            0.033308            0.042515           0.0054947             0.94435             0.87113             0.94883             0.70396            0.028335            0.020415           0.0028476           0.0047031           0.0047031           0.0047031
                 169            0.032995            0.039991           0.0053194             0.92697             0.90093             0.95292             0.71359             0.02725            0.020049           0.0027777           0.0046568           0.0046568           0.0046568
                 170            0.033445            0.038989           0.0052635             0.91849             0.90332             0.94981             0.71423            0.027541            0.020065           0.0027417           0.0046105           0.0046105           0.0046105
                 171             0.03276            0.037256           0.0050333             0.92108             0.90056             0.95062             0.72444            0.027441            0.019947           0.0027494           0.0045644           0.0045644           0.0045644
                 172            0.033816            0.035633           0.0050912             0.91181             0.90499             0.94988             0.72452            0.027663            0.019877           0.0027259           0.0045184           0.0045184           0.0045184
                 173            0.033669            0.041167           0.0053897             0.91349             0.90388             0.95334             0.71062            0.027218            0.019712           0.0026953           0.0044724           0.0044724           0.0044724
                 174            0.032984            0.037539           0.0061634             0.90645             0.90807             0.95009             0.71855            0.026903             0.01988           0.0027011           0.0044266           0.0044266           0.0044266
                 175            0.031547            0.036907           0.0049914             0.92438             0.89373             0.95079             0.72274            0.026448            0.019681           0.0027002           0.0043809           0.0043809           0.0043809
                 176             0.03252            0.034625           0.0053808             0.93023             0.89281             0.95184             0.70962            0.027338            0.019897           0.0026975           0.0043353           0.0043353           0.0043353
                 177            0.033752            0.038388           0.0052002             0.91844             0.90196             0.95203             0.72514            0.026974            0.019816           0.0026701           0.0042899           0.0042899           0.0042899
                 178            0.032497            0.034536           0.0048493             0.92138             0.90099             0.95214             0.70252            0.028016            0.019886           0.0026788           0.0042445           0.0042445           0.0042445
                 179            0.033071            0.038125           0.0048838             0.92924             0.90161              0.9532             0.71101            0.027627              0.0198           0.0026973           0.0041994           0.0041994           0.0041994
                 180            0.032756            0.035798           0.0050475             0.87456              0.9424             0.96103             0.72926            0.026674            0.019535           0.0027256           0.0041543           0.0041543           0.0041543
                 181            0.032884            0.037993           0.0050612             0.92789               0.892             0.95092             0.70629            0.027556            0.019621           0.0027327           0.0041094           0.0041094           0.0041094
                 182            0.033731            0.039497           0.0046297             0.90657             0.88787             0.94569              0.6948            0.028769            0.019724            0.002756           0.0040647           0.0040647           0.0040647
                 183            0.034495             0.03589           0.0048713             0.92644             0.89621             0.95151              0.7076            0.027687            0.019653           0.0027477           0.0040201           0.0040201           0.0040201
                 184            0.033542            0.037448           0.0048239             0.89626              0.9253             0.95013             0.70717            0.027652            0.019658           0.0027602           0.0039757           0.0039757           0.0039757
                 185            0.032034            0.038348           0.0046217             0.90951             0.92749              0.9611             0.71768            0.027314            0.019479           0.0027504           0.0039314           0.0039314           0.0039314
                 186            0.033848            0.038728           0.0049179             0.93331             0.90358             0.95137             0.72467             0.02668            0.019158           0.0027399           0.0038873           0.0038873           0.0038873
                 187            0.031861             0.03274            0.004553             0.91844             0.92226             0.95274             0.73923            0.026547            0.018997           0.0027293           0.0038434           0.0038434           0.0038434
                 188            0.030826            0.032646           0.0049918             0.94755             0.89307              0.9507             0.73868             0.02632            0.018993           0.0027063           0.0037997           0.0037997           0.0037997
                 189            0.031229            0.035801           0.0044567             0.94871             0.88821             0.95179             0.71763            0.027166            0.018965           0.0026753           0.0037562           0.0037562           0.0037562
                 190            0.033138            0.035191            0.005656             0.93529             0.90597             0.95705             0.74443            0.027076            0.019026           0.0026716           0.0037128           0.0037128           0.0037128
                 191            0.031261            0.035573           0.0044777             0.93383             0.91389             0.96198             0.74655            0.026691            0.019134           0.0026597           0.0036697           0.0036697           0.0036697
                 192             0.03098            0.033664           0.0044881              0.9293             0.91835             0.96337             0.75126            0.026341            0.019137            0.002662           0.0036267           0.0036267           0.0036267
                 193            0.030495            0.036019           0.0044886             0.93101             0.90923             0.96363             0.73726            0.026983            0.019215           0.0026607            0.003584            0.003584            0.003584
                 194            0.030845            0.031279            0.005248             0.93114              0.9057             0.95808             0.74959            0.025775            0.018881           0.0026423           0.0035415           0.0035415           0.0035415
                 195            0.033777            0.035358             0.00545             0.93091             0.90627             0.96289             0.74136             0.02603            0.018913           0.0026219           0.0034991           0.0034991           0.0034991
                 196             0.03003            0.033553           0.0044561              0.9357             0.91048             0.96355             0.75452            0.025306            0.018614           0.0026023            0.003457            0.003457            0.003457
                 197            0.030803            0.035462           0.0047569             0.94029             0.90362             0.96092             0.75979            0.024661            0.018453           0.0025855           0.0034152           0.0034152           0.0034152
                 198            0.029085            0.032813           0.0042165             0.94244             0.90111             0.96085             0.75942            0.025057            0.018483           0.0025599           0.0033735           0.0033735           0.0033735
                 199             0.03073            0.036118           0.0045927             0.93521             0.89975             0.96235             0.72813            0.026613            0.018979           0.0025704           0.0033321           0.0033321           0.0033321
                 200            0.030025            0.040419           0.0044141             0.88364              0.9466             0.96198             0.75529            0.024541            0.018481            0.002554           0.0032909           0.0032909           0.0032909
                 201            0.030941            0.035081           0.0049723             0.89931             0.94683             0.96479             0.76117            0.024666            0.018532           0.0025448             0.00325             0.00325             0.00325
                 202            0.029411            0.034493           0.0046003             0.89733             0.94326             0.96388             0.74547            0.025471            0.018746             0.00254           0.0032093           0.0032093           0.0032093
                 203            0.029952            0.033459           0.0049007             0.90814             0.94041             0.96363             0.75278            0.026255             0.01891           0.0025429           0.0031689           0.0031689           0.0031689
                 204            0.031164            0.033798           0.0044763             0.91146             0.93456             0.96477             0.76609            0.025175            0.018437           0.0025332           0.0031287           0.0031287           0.0031287
                 205            0.031246            0.033992           0.0048117             0.91757             0.92833             0.96409             0.75494            0.025989             0.01861           0.0025142           0.0030888           0.0030888           0.0030888
                 206            0.030608            0.032421           0.0039249             0.92831             0.92196             0.96555             0.76946            0.024608            0.018266           0.0024988           0.0030491           0.0030491           0.0030491
                 207            0.029494            0.035353           0.0042185             0.92628             0.92521              0.9634             0.77406            0.024224            0.018177           0.0024954           0.0030097           0.0030097           0.0030097
                 208            0.028528            0.032297           0.0041221             0.93628             0.91271             0.96328             0.76678            0.024215            0.018171           0.0024982           0.0029706           0.0029706           0.0029706
                 209            0.030582            0.036939           0.0047707             0.93314             0.92015             0.96211             0.75756            0.024479            0.018088           0.0024897           0.0029318           0.0029318           0.0029318
                 210            0.031002            0.035424            0.004494             0.93197             0.91874             0.96177             0.75475            0.024959            0.018094           0.0024894           0.0028932           0.0028932           0.0028932
                 211            0.030101            0.034953           0.0048062             0.93316             0.92332             0.96245             0.75409            0.024577            0.018034           0.0024603            0.002855            0.002855            0.002855
                 212            0.029348            0.034521           0.0047162             0.91588             0.93404             0.96006             0.76988             0.02372            0.017778           0.0024324            0.002817            0.002817            0.002817
                 213            0.030472            0.038999           0.0048454             0.92064             0.93899             0.96364             0.77065            0.024053            0.017832           0.0024135           0.0027793           0.0027793           0.0027793
                 214            0.029534             0.03394           0.0047159             0.91721             0.94302             0.96679             0.77596            0.023653            0.017686           0.0023862           0.0027419           0.0027419           0.0027419
                 215            0.027868            0.032236           0.0042319             0.91048             0.94442             0.96341             0.77668            0.023495             0.01762           0.0023553           0.0027048           0.0027048           0.0027048
                 216            0.029917            0.035242           0.0046232             0.90419             0.94485              0.9601             0.76992            0.024045            0.017638           0.0023316           0.0026681           0.0026681           0.0026681
                 217            0.026645             0.03025             0.00451             0.90257             0.94584             0.96199             0.77257            0.023692            0.017527           0.0023121           0.0026316           0.0026316           0.0026316
                 218            0.030186            0.033743           0.0046876             0.90027             0.94674             0.96275             0.77043            0.024136            0.017564           0.0022929           0.0025954           0.0025954           0.0025954
                 219            0.029349            0.036699           0.0043146             0.88921             0.95211             0.96226             0.77365            0.024109            0.017557           0.0022928           0.0025596           0.0025596           0.0025596
                 220            0.029885            0.034594           0.0043957             0.89147             0.95363             0.96535             0.78632            0.023483            0.017392           0.0022828           0.0025241           0.0025241           0.0025241
                 221            0.030214            0.033144           0.0046572             0.89114             0.95506             0.96659              0.7836            0.023392            0.017412           0.0022824           0.0024889           0.0024889           0.0024889
                 222            0.028437            0.030777           0.0042008             0.94771              0.9047             0.95879              0.7723            0.023648            0.017449           0.0022741           0.0024541           0.0024541           0.0024541
                 223            0.029131             0.03465           0.0039827             0.88651             0.95147             0.95718             0.76455             0.02402            0.017494           0.0022755           0.0024195           0.0024195           0.0024195
                 224            0.029134            0.030933           0.0038242             0.89018             0.95078             0.95754             0.76985            0.023471            0.017389           0.0022602           0.0023854           0.0023854           0.0023854
                 225            0.029766            0.035035           0.0038431             0.88645             0.94951             0.95731             0.77077            0.023591             0.01734           0.0022517           0.0023515           0.0023515           0.0023515
                 226            0.029096            0.032222           0.0041906             0.89597              0.9476             0.95778             0.77529            0.023143            0.017131           0.0022427            0.002318            0.002318            0.002318
                 227            0.028011            0.031274           0.0041168             0.89537             0.94913             0.95795             0.77091            0.023437            0.017155           0.0022431           0.0022849           0.0022849           0.0022849
                 228            0.027281            0.031791           0.0039116             0.88897             0.94742             0.95507             0.77797            0.023079            0.017155           0.0022496           0.0022521           0.0022521           0.0022521
                 229            0.027363            0.033934           0.0041924             0.88527             0.94885             0.95759             0.77681            0.023206            0.017269           0.0022523           0.0022196           0.0022196           0.0022196
                 230            0.027741            0.030368           0.0037763             0.88414             0.94879             0.95673             0.78171              0.0231            0.017377           0.0022501           0.0021876           0.0021876           0.0021876
                 231            0.027504             0.03184           0.0041461             0.88672              0.9439              0.9567             0.78699            0.022893            0.017218           0.0022426           0.0021558           0.0021558           0.0021558
                 232             0.02755            0.031492           0.0038628              0.8921             0.94388             0.95821             0.78092            0.022888             0.01717           0.0022361           0.0021245           0.0021245           0.0021245
                 233            0.028514            0.034451           0.0045356             0.89234             0.94001             0.95839              0.7828            0.022843            0.017137           0.0022228           0.0020935           0.0020935           0.0020935
                 234            0.028573            0.036318           0.0039379             0.94196             0.90232             0.95656             0.78802            0.022699            0.017075            0.002211           0.0020629           0.0020629           0.0020629
                 235            0.028047            0.032885           0.0037903             0.88359             0.95256              0.9574             0.78972            0.022509            0.016943           0.0022031           0.0020327           0.0020327           0.0020327
                 236            0.027727            0.031629           0.0042017             0.88745             0.95236             0.95645             0.79168            0.022387            0.016812           0.0021885           0.0020028           0.0020028           0.0020028
                 237            0.026736            0.028106           0.0040919             0.89496             0.94943             0.96387             0.79177            0.022489            0.016785           0.0021792           0.0019734           0.0019734           0.0019734
                 238            0.027602            0.033653             0.00378             0.89062             0.94915             0.96392             0.78835            0.022318              0.0168           0.0021788           0.0019443           0.0019443           0.0019443
                 239            0.028777             0.03486           0.0038242             0.94638              0.9053             0.96375             0.79171            0.022269            0.016785           0.0021734           0.0019156           0.0019156           0.0019156
                 240            0.027337            0.031515           0.0037181             0.94051              0.9094             0.96577             0.79107            0.022451            0.016861           0.0021587           0.0018873           0.0018873           0.0018873
                 241             0.02669            0.029894           0.0043572             0.93461               0.918             0.96502             0.79065            0.022134            0.016852           0.0021375           0.0018594           0.0018594           0.0018594
                 242            0.029272            0.033944           0.0042697              0.9337             0.91766             0.96507             0.79304            0.022193            0.016799           0.0021244           0.0018319           0.0018319           0.0018319
                 243            0.027547            0.031788           0.0038607             0.93832             0.91326             0.95811             0.78028            0.022539            0.016858           0.0021149           0.0018048           0.0018048           0.0018048
                 244            0.027562              0.0347           0.0039601             0.93726             0.91343              0.9576              0.7897            0.022175            0.016765           0.0021103           0.0017781           0.0017781           0.0017781
                 245            0.027372            0.030273           0.0041639             0.93489             0.91896             0.95812             0.79784            0.021939            0.016702           0.0021108           0.0017519           0.0017519           0.0017519
                 246            0.027034             0.03034               0.004             0.94107             0.91037              0.9582             0.78616            0.022349            0.016822           0.0021154            0.001726            0.001726            0.001726
                 247            0.029178            0.033576           0.0037021             0.94809             0.90222             0.95777             0.79445            0.022125            0.016831           0.0021147           0.0017005           0.0017005           0.0017005
                 248            0.028298            0.032832           0.0039422             0.94426             0.90699             0.95953             0.79135            0.022205            0.016856           0.0021203           0.0016755           0.0016755           0.0016755
                 249            0.028434            0.036067           0.0035538             0.93022             0.92777             0.95935             0.79623            0.021941            0.016674           0.0021202           0.0016509           0.0016509           0.0016509
                 250            0.027955            0.032833            0.004151             0.93057             0.92693             0.95925             0.79304            0.022246            0.016763           0.0021149           0.0016267           0.0016267           0.0016267
                 251             0.02801            0.030589           0.0037752             0.92438             0.93006             0.95807             0.79523            0.022101            0.016604           0.0021056           0.0016029           0.0016029           0.0016029
                 252            0.026006            0.033344            0.003936             0.92935             0.92614             0.95886             0.79264            0.021723            0.016481           0.0020899           0.0015795           0.0015795           0.0015795
                 253             0.02767            0.033758           0.0034717              0.9306             0.92723             0.95739              0.7963            0.021753            0.016396             0.00208           0.0015566           0.0015566           0.0015566
                 254            0.028359            0.029945           0.0040249             0.93115               0.916             0.95512             0.78461            0.022581            0.016569            0.002078           0.0015341           0.0015341           0.0015341
                 255            0.028883            0.033346           0.0038615             0.93032             0.91871             0.95566             0.79255            0.022107            0.016414           0.0020809           0.0015121           0.0015121           0.0015121
                 256            0.028265            0.034007           0.0043732             0.93302             0.91944              0.9588             0.79634            0.021842            0.016396           0.0020788           0.0014905           0.0014905           0.0014905
                 257            0.027427            0.031432           0.0035805             0.92753             0.92324             0.95717             0.80041            0.021649            0.016349           0.0020782           0.0014693           0.0014693           0.0014693
                 258            0.026867            0.031487           0.0032249             0.91647             0.93621             0.95756             0.80349            0.021429            0.016326           0.0020823           0.0014486           0.0014486           0.0014486
                 259            0.026592             0.03127           0.0039574             0.91864             0.93205              0.9581             0.80444            0.021503            0.016394           0.0020867           0.0014283           0.0014283           0.0014283
                 260            0.025308            0.027858           0.0031587             0.92881             0.92532              0.9598             0.80899            0.021461            0.016315           0.0020793           0.0014084           0.0014084           0.0014084
                 261            0.027903            0.034548           0.0035002             0.92188             0.93197             0.96007             0.80582            0.021393            0.016328           0.0020682            0.001389            0.001389            0.001389
                 262            0.027751            0.033041           0.0036804             0.92762             0.92885             0.96115             0.80355             0.02145            0.016334           0.0020582           0.0013701           0.0013701           0.0013701
                 263            0.026544            0.030027           0.0036163             0.92897             0.92928             0.96254             0.80279            0.021492            0.016325           0.0020467           0.0013516           0.0013516           0.0013516
                 264            0.028615            0.032106            0.004012             0.93123             0.92783             0.96238             0.79397            0.021411            0.016346           0.0020388           0.0013336           0.0013336           0.0013336
                 265            0.027007            0.033383           0.0036613             0.92417              0.9311             0.96101             0.80015            0.021338              0.0163           0.0020306            0.001316            0.001316            0.001316
                 266            0.029197            0.035154           0.0036939             0.92545             0.92657             0.95952             0.79757            0.021793            0.016391           0.0020247           0.0012989           0.0012989           0.0012989
                 267            0.026589            0.031921           0.0032981             0.92469             0.92555              0.9587             0.79661            0.021648              0.0163           0.0020208           0.0012822           0.0012822           0.0012822
                 268            0.026206            0.028643           0.0036264             0.92505              0.9249             0.95746             0.80116            0.021241            0.016118           0.0020168            0.001266            0.001266            0.001266
                 269            0.026705             0.03012           0.0037188             0.92747             0.92456             0.95844             0.80204            0.021229            0.016106           0.0020116           0.0012503           0.0012503           0.0012503
                 270            0.028111            0.030175           0.0038306             0.92447             0.92607             0.95774             0.80232            0.021285            0.016104           0.0020076            0.001235            0.001235            0.001235
                 271            0.026101             0.03375           0.0038693              0.9248             0.92907              0.9579             0.80499            0.021029            0.016011           0.0020026           0.0012202           0.0012202           0.0012202
                 272            0.026484            0.031261             0.00381             0.93588             0.92124             0.95957             0.80536            0.020946            0.015977           0.0019943           0.0012059           0.0012059           0.0012059
                 273             0.02537            0.028162           0.0039188             0.93024             0.92444             0.95987             0.80411            0.021154            0.016042           0.0019875           0.0011921           0.0011921           0.0011921
                 274            0.024593            0.030632           0.0036169             0.92976             0.92707              0.9592              0.8065            0.021202            0.015999           0.0019794           0.0011787           0.0011787           0.0011787
                 275            0.025313            0.029316           0.0036022             0.92864              0.9304             0.95911             0.80875            0.020853            0.015902            0.001969           0.0011658           0.0011658           0.0011658
                 276            0.026317            0.030098           0.0036622             0.94159              0.9157             0.95846             0.80347            0.021232            0.015936           0.0019634           0.0011533           0.0011533           0.0011533
                 277            0.027825            0.031298           0.0037232             0.93407             0.92151              0.9611             0.81268            0.020958            0.015801           0.0019568           0.0011414           0.0011414           0.0011414
                 278            0.026954            0.031994           0.0039903             0.93587              0.9188             0.96047             0.79971            0.021308            0.015946           0.0019518           0.0011299           0.0011299           0.0011299
                 279            0.026169            0.032929           0.0031492              0.9269             0.92798             0.96069             0.80437            0.020987            0.015785           0.0019503           0.0011189           0.0011189           0.0011189
                 280            0.025744            0.028758            0.003384             0.94996             0.90868             0.96132              0.8066            0.020982             0.01576           0.0019487           0.0011084           0.0011084           0.0011084
                 281            0.026491             0.03112           0.0035791             0.95052             0.90829             0.96042             0.80485            0.020993            0.015713           0.0019434           0.0010983           0.0010983           0.0010983
                 282            0.026678            0.030078           0.0035595             0.93183             0.92325             0.95872              0.8071            0.020748            0.015644           0.0019375           0.0010888           0.0010888           0.0010888
                 283            0.025486            0.031492           0.0037421             0.92114             0.93395             0.95817             0.80302            0.020834            0.015711           0.0019341           0.0010797           0.0010797           0.0010797
                 284            0.025533            0.030335           0.0035042             0.94241             0.91804             0.95929             0.80637            0.020825            0.015755           0.0019305           0.0010711           0.0010711           0.0010711
                 285            0.025054            0.030348           0.0036055             0.93983             0.91934             0.95816             0.80238            0.021323            0.015947           0.0019289            0.001063            0.001063            0.001063
                 286            0.025724            0.030041           0.0041021             0.94194             0.91791              0.9585             0.81409            0.020807            0.015832           0.0019308           0.0010554           0.0010554           0.0010554
                 287            0.026304            0.029985           0.0036922             0.94602             0.91543             0.95913             0.81529            0.020723            0.015792           0.0019305           0.0010483           0.0010483           0.0010483
                 288            0.026165            0.033872           0.0036362             0.95731             0.90748             0.95822             0.81316            0.020687            0.015733           0.0019258           0.0010416           0.0010416           0.0010416
                 289            0.026733            0.032667            0.003585             0.95162             0.90757             0.95795             0.80953            0.020965            0.015783           0.0019213           0.0010355           0.0010355           0.0010355
                 290            0.028232            0.030212           0.0039568             0.92718             0.92838             0.95921             0.81424             0.02059            0.015661           0.0019121           0.0010298           0.0010298           0.0010298
                 291            0.025665            0.030838           0.0036825             0.92679             0.93313             0.96009              0.8122            0.020621            0.015636           0.0019038           0.0010247           0.0010247           0.0010247
                 292            0.025752            0.029208           0.0041308             0.92717             0.93138             0.96058             0.81881            0.020709            0.015639           0.0018986             0.00102             0.00102             0.00102
                 293            0.025527            0.032695           0.0035104             0.95075             0.91151             0.96035             0.81833            0.020524            0.015516           0.0018894           0.0010158           0.0010158           0.0010158
                 294            0.025714            0.030983           0.0037242             0.93113             0.92927              0.9598             0.81819            0.020718            0.015497           0.0018775           0.0010121           0.0010121           0.0010121
                 295            0.026111            0.030677           0.0035141             0.95071             0.91138             0.95925             0.82195            0.020515            0.015407           0.0018691           0.0010089           0.0010089           0.0010089
                 296            0.024997            0.031159           0.0034936             0.92824             0.92874             0.95894             0.82152            0.020562            0.015412           0.0018607           0.0010062           0.0010062           0.0010062
                 297            0.025468            0.029692           0.0041117             0.93047             0.92685             0.95996             0.81937            0.020568            0.015408           0.0018567           0.0010039           0.0010039           0.0010039
                 298            0.025954            0.031406           0.0038442               0.932             0.92196             0.95897             0.82103            0.020481             0.01536           0.0018574           0.0010022           0.0010022           0.0010022
                 299            0.027108             0.03118            0.003588             0.93242             0.92633             0.96065             0.81858            0.020517            0.015396           0.0018551            0.001001            0.001001            0.001001
